ID,Group,Feature_1,Feature_2,Feature_3
ID387,B,2440.9386312475017,424.4413228051825,4864.831856070899
ID537,B,1705.4985112217444,400.82054702908084,3414.2346311233505
ID789,C,2773.7680791635566,391.40748279708646,-2406.2934543745378
ID535,A,2565.610303285159,396.3478901317878,5734.947794328076
ID486,B,3133.587706525084,424.0026029250605,6253.732835365872
ID315,B,2804.07672254443,410.370063775848,5614.512651684788
ID161,C,2550.3336576344673,402.47778595186344,-2147.318218912763
ID631,A,2430.2970392063935,385.2086739078359,5390.1603195354655
ID611,A,2612.9363083820167,415.33012769855094,5763.340129777456
ID222,C,2547.073875942989,399.1399400099644,-2157.8561708331313
ID403,C,2241.9781266560594,406.67713622188165,-1837.8090345503772
ID164,A,2498.9582391284757,388.208402988869,5563.921938169644
ID128,A,2742.1315512551764,395.6258018866274,6254.942447433723
ID634,A,3029.4232285643293,393.9283380362072,7122.309792317919
ID201,C,2920.284537640796,403.6873935848242,-2517.60577154041
ID309,C,3026.423060082605,421.495294678447,-2599.495183610854
ID360,C,2351.1190458479623,400.9264271088306,-1971.8975475299044
ID159,C,2563.5227376096864,388.71388443714494,-2170.8330254053594
ID190,C,2321.0274130196876,395.7466991030094,-1942.1668337419574
ID721,B,2625.673132817401,367.8161892388807,5246.399613522286
ID683,B,2498.8286993316933,377.71429226440375,4993.726685287511
ID662,B,2744.4270576943522,413.02909004102236,5477.504174476083
ID514,B,2286.1972577413526,389.46876334418056,4555.578805067955
ID234,A,2484.1567189537573,432.5900214058021,5295.786251377653
ID293,A,1929.7212086307197,401.38388135463555,3780.1564189357714
ID557,A,2370.66379649165,395.8278171135567,5102.5010848340935
ID377,A,2414.9500746857548,382.3023652445817,5357.670597133203
ID663,C,2322.0845887303535,403.00535242963076,-1928.1574713581958
ID589,C,2942.194352039344,410.70948852857805,-2525.5191922251065
ID378,A,2458.0500923675263,400.2229833411097,5385.313113041928
ID458,B,2745.244447060037,395.9118698565578,5513.810393570233
ID199,C,2127.6082678849116,432.1706637424509,-1712.0216726111728
ID467,C,2564.999128534105,384.36132839488573,-2202.90318036016
ID368,A,2299.643674527764,420.38989321721266,4816.623443617495
ID544,A,2407.0781849852397,383.35725260925346,5308.039747695036
ID337,B,1714.7146265424763,389.88621639053093,3428.8505861545864
ID465,B,2970.8767219759957,427.56709752435904,5961.658709783235
ID879,B,1917.8265269485864,379.9718441419298,3833.0322384617116
ID282,A,2606.81370154961,399.11249062973354,5817.254103576413
ID111,B,2851.079767081986,394.99135577419344,5707.114169135552
ID396,C,2764.6752954459243,383.70695294692223,-2399.4245785911025
ID285,A,2426.3489265230905,380.88025285660854,5380.716221928436
ID250,C,2249.3246266297765,368.38982446799656,-1880.0955328789748
ID783,A,2883.023251098006,410.94800234245,6582.005164345798
ID754,B,2961.5525627146485,387.5179196271246,5913.620975751168
ID811,A,2584.0220852363054,398.6669495614629,5755.687329966418
ID682,B,2851.0997943321113,381.4877703707331,5682.920980619286
ID261,C,2640.434696473471,399.54497634715915,-2249.736711046558
ID452,B,2009.9190807562352,422.1363784186035,4035.543496873507
ID849,B,2662.4479192186523,402.441091555128,5316.117842790983
ID297,C,2833.7550791721596,405.30913256653145,-2414.914628033133
ID394,A,2229.3041059545676,389.5550871902853,4733.4278491790565
ID272,A,2653.6958308852895,376.61321234062495,6055.790465576868
ID599,A,3200.1822876748224,398.2662465439914,7618.189590657033
ID869,B,2809.223653004704,381.86814435264176,5603.450926455522
ID189,B,2152.338181070619,388.16694349657064,4294.246852706277
ID568,B,2578.343695354859,390.3405377147056,5154.214340070702
ID675,A,2909.210532145402,381.80416260610724,6822.1982130473125
ID507,C,2214.0763017399204,421.29311378327384,-1797.3128266051863
ID429,C,2538.759327756955,399.0253583199115,-2129.533518547054
ID108,B,2352.387342629384,363.2105025806774,4701.136316829532
ID187,A,2776.462108510221,378.23642646747766,6440.4615451804075
ID386,B,2012.9550238167853,404.75096311006064,4033.011282255935
ID700,B,2529.074074351376,408.26061321453363,5060.7149359016385
ID172,C,2359.798379228352,412.30102609084287,-1967.7406930774825
ID671,B,2602.4261659957433,397.0340526547502,5217.932177056972
ID233,A,2248.8496242360775,401.1525257133439,4718.81354868759
ID372,A,2459.452330064318,388.66271378354804,5409.318552347822
ID674,A,2418.0277040169535,374.94590600882975,5392.750544450505
ID333,A,2117.92939603284,424.5089482261315,4193.326006364897
ID881,A,2815.4742843027116,406.2947415439124,6416.686829096255
ID151,C,2751.998306763558,411.0416545248673,-2334.119023072025
ID284,A,2474.3756350737967,377.13907979232295,5526.115336736054
ID573,B,2065.2262360074355,412.5955354456871,4126.652677605291
ID135,B,2177.792645341169,399.7582218853036,4369.885534726735
ID702,A,2597.7905161105646,397.3399130074935,5804.315660550306
ID797,A,2790.675806203602,377.44892401989324,6496.757071065272
ID121,B,2246.969207457788,396.49564472446195,4473.118399130676
ID181,A,2560.0565018788725,395.5399190517518,5702.4931088305375
ID238,A,2813.814807911051,378.15071822432384,6555.652296239769
ID106,B,2624.0369645488545,404.80027434717204,5247.263824448831
ID735,C,2266.655184625765,389.991621813475,-1879.524375498736
ID445,B,2438.1289320492488,394.6865883271376,4884.832142714777
ID318,B,2672.992343864118,435.5942065177255,5351.253209030962
ID559,A,2358.6418073994514,401.0279686623039,5079.961451751758
ID759,C,2469.33230736088,386.3613997380301,-2084.383206523855
ID748,B,2700.7181160359955,391.9490207117873,5409.2094962109495
ID626,A,3035.185667231334,403.39715322677597,7092.316867040934
ID785,C,2518.77867184503,423.92318351540877,-2068.7886291786153
ID102,C,2725.2316862808784,377.02559246527284,-2357.893661612766
ID555,C,2361.7068611832765,409.39711703558174,-1951.308287085118
ID148,A,2486.100590751475,402.94460824580693,5448.6092719436765
ID737,C,2861.995317093154,402.4459484395391,-2454.7309974183195
ID686,C,1880.8333611513463,392.66507030072694,-1481.5798964827393
ID784,C,3045.768759472809,405.3421299715802,-2642.300620769013
ID260,A,2375.430527369061,403.08012944401867,5098.586976793109
ID591,B,2732.8409162771227,423.49368858149796,5460.711993794741
ID827,C,2589.182286496656,423.9466679612609,-2152.20838607902
ID455,B,2768.085425730306,430.03599733949954,5537.0176531802135
ID716,C,2380.404338286166,402.4066914437318,-1982.834537183381
ID560,A,2344.6949775645626,399.27221721686317,5062.328683804271
ID578,C,2154.6795090642768,413.35412461994684,-1749.6408085599135
ID654,C,2742.6299009074264,383.9255128644901,-2374.407925085535
ID464,A,3359.781204734556,392.24625399933547,8102.21427545536
ID541,A,2645.2926055152197,419.7134880328663,5835.1912536295295
ID344,C,2357.488549550859,404.0617537080981,-1955.1764430315059
ID672,B,2745.6210643780523,413.0941055742778,5493.365779460115
ID883,B,2441.317869743516,415.64854251414476,4866.983543733512
ID604,B,2310.835008763533,377.8422052019967,4631.307830902988
ID726,C,2322.5752650639033,401.4634429654958,-1919.6922167101607
ID107,B,2515.9781269995865,391.2032748715469,5049.882679552704
ID210,B,2582.183763411774,402.7793629041951,5166.632400503609
ID145,B,2408.373155545914,410.8081959363751,4808.469241969345
ID203,C,2747.385187737836,381.56050065036646,-2369.3242348621084
ID566,B,2339.4458248242595,398.8723049458994,4678.595335429881
ID364,C,2396.634354363704,383.4380870311017,-2037.0613285122467
ID459,B,2509.4398896013545,393.8961381788381,5018.307019684838
ID489,C,2837.937186931388,408.9764677502996,-2400.001765645653
ID768,B,2332.490008474749,439.18939018083995,4649.4941731480085
ID428,B,2465.3764493540125,407.191578289942,4926.278037248389
ID841,B,2502.884869999169,405.18796903902984,4993.956205161669
ID292,A,2821.1950874360705,384.8150958724547,6544.123341054576
ID813,C,2489.9933255478813,380.74987502263133,-2110.333206197278
ID698,C,2204.0558820255183,426.3785546903628,-1773.0559328144093
ID179,B,2490.237625157482,411.8963586646933,4978.804168260886
ID755,C,2785.7401103984685,395.2398095059707,-2375.090360766145
ID746,A,2290.110712336336,393.27855743950585,4913.848606294791
ID699,C,2495.954718563016,392.00661236596096,-2109.669566799108
ID119,A,2008.6733253321706,397.8043825308608,4023.5662931428005
ID300,A,2726.5412476520855,413.848034749213,6114.329033068881
ID373,B,2441.195590894845,421.7464865974706,4888.75115344474
ID650,B,2672.918322319644,390.0726382094067,5358.55775603248
ID274,B,2929.4115698801866,417.24630586978975,5856.966994901774
ID397,C,2430.7704610736632,402.3319826294802,-1998.477048032362
ID880,C,2489.030028190491,417.4491777198956,-2070.0767680380595
ID581,A,2361.9423577893936,392.2977354404057,5119.735823638181
ID777,B,2109.632077133936,393.3625194701682,4214.758507760513
ID168,C,2300.4618135124424,398.364989942183,-1905.5037755257022
ID532,C,2690.9151370897685,387.923004300685,-2300.4909217959516
ID301,A,2196.1338857798196,425.59142902392915,4459.517916346852
ID383,C,2038.0454065900226,390.5681477514842,-1635.9749244184873
ID205,B,2975.0797322455232,396.8779489972131,5947.208968567538
ID548,A,2656.014618783368,423.5299234938502,5859.254928839938
ID511,A,2841.1228812718905,386.6090613579812,6603.784503058963
ID601,B,2586.015062115534,410.99045800441615,5167.598159595849
ID896,B,2618.508030407828,373.0866181859109,5264.919433492647
ID623,C,1890.9033161094817,394.5061407828883,-1490.9634069271249
ID575,C,2784.237022790167,408.0034075099778,-2361.581945272821
ID579,A,2734.2216645418803,420.51863414110846,6102.5149981814975
ID710,B,2401.678561715337,403.75641736472016,4807.505038060423
ID894,A,2303.1592989664014,399.17970876857,4921.929959608968
ID379,B,2784.4325946483386,436.15560755101694,5561.894895173732
ID886,A,2735.0568571813656,375.4014920587022,6333.361804865345
ID612,A,2144.2317659472587,389.236086604831,4491.168768393176
ID477,B,2038.0884144992174,400.414471387189,4086.9294739877178
ID898,A,2510.026824539509,396.14783369704406,5541.599668256967
ID175,B,2069.092541586171,404.3225901743772,4127.2955107200205
ID454,A,3192.018148901506,408.651855626513,7542.865340319909
ID241,B,2627.263893933744,369.1757440021548,5260.499165852492
ID461,C,2188.9378191470614,407.17986948115947,-1794.127472238293
ID202,B,2292.9360131097915,398.1918941211582,4592.40489543973
ID401,C,1989.4570536383553,402.84130034653555,-1588.4161300696856
ID875,C,2597.3436599593515,397.76268702477915,-2202.110885453772
ID485,C,2134.5050028974674,403.9724549542709,-1726.894503729017
ID715,B,2602.470419276409,410.2836887474785,5200.86424228657
ID206,C,2513.5116813899094,427.20581558852126,-2057.5070126237083
ID192,C,2923.577859434036,406.5890252911433,-2520.5700581785923
ID740,C,2660.7766266246817,390.10900852558854,-2265.7718834751176
ID778,C,2747.7403917129977,410.7185191288241,-2342.7521023645363
ID219,A,2283.120559372421,424.7037540194456,4737.330952358173
ID817,B,2700.449044204781,404.2257384165773,5424.907908047121
ID438,A,2585.6784674121423,385.8902445659137,5835.198410393395
ID382,A,2681.683828302562,428.0772847374529,5913.793677257685
ID273,B,2056.5569326588106,378.1126117166795,4101.575144886539
ID247,A,2443.167142832999,387.4068209479824,5390.580633052235
ID878,B,2480.0410163366764,402.0505587306011,4952.645286888188
ID215,A,2873.4078126633376,393.4057723990266,6673.346723490309
ID868,A,2917.086550383535,400.18206820038347,6747.958621887852
ID749,C,2400.137898500955,386.999189328072,-2001.4796776922115
ID538,B,2730.226499237427,403.00789605052034,5443.918770621573
ID594,C,2924.3588768422314,419.8779755713085,-2521.9033321063357
ID171,A,2749.053107663479,419.47784477447794,6168.0558074542705
ID471,B,2677.660807950608,389.24452349677614,5356.815591663902
ID812,A,2709.3935172217093,395.5073976306676,6141.854896308912
ID605,C,3037.497984977599,384.4715162982002,-2656.827016057132
ID506,B,2540.2325770744455,386.2273267296218,5076.738479880361
ID501,A,2774.4991246384675,380.0366158364859,6407.083268549152
ID340,B,1907.3969185727042,409.3051236862901,3826.5166890972296
ID848,C,2812.936349350729,377.63947792029904,-2434.5773405182304
ID799,C,2280.650715721502,419.6541623128657,-1837.4516013604687
ID221,B,2205.0732021791646,406.17086977583443,4396.103157711157
ID524,B,2271.2178371957752,392.50489098161324,4533.46802217224
ID214,A,2538.98815804443,406.3471595637265,5594.321751559162
ID519,B,2301.6108598286937,411.25790549284005,4608.468846523584
ID294,B,2355.971338815946,399.9968593278757,4710.164678009108
ID859,B,2937.8215167073695,378.46205974699,5866.163470482221
ID255,A,2721.7111361927377,411.58955034462406,6118.913847281676
ID266,A,2622.6754733108023,408.70406537748704,5806.911890294558
ID178,B,2696.717105822109,416.85141051322177,5388.346544612531
ID423,B,2673.601616266416,403.4498653425517,5337.6565415414325
ID466,A,2594.0295909282386,403.24094835982646,5778.3090910582205
ID180,A,3101.182424650361,397.5970408091737,7310.595867193578
ID679,A,2056.889163020417,420.3315058547345,4072.301502492945
ID150,A,2797.430281037023,374.1905791416842,6524.7573833413735
ID697,A,2705.299056670751,390.1934907411444,6169.3015444166
ID405,C,2616.6380737192935,392.69587946480976,-2225.457890052102
ID249,B,2650.8505805809937,396.10639899595685,5316.878532947385
ID357,B,2559.7012747390972,388.34765451050345,5111.32901495178
ID141,C,2031.6285612053944,390.26737838676473,-1631.2699600843869
ID262,C,2535.509309507349,390.54208375820053,-2128.779245794174
ID265,B,2993.767617631039,372.6230921006214,6003.992438090054
ID139,B,2340.928778178249,416.73378438906934,4696.468693277273
ID129,B,2558.3484828542846,382.58548570228044,5111.498024040544
ID336,B,2666.6347463302095,389.12087484782205,5345.794012753894
ID431,A,2546.2928326180413,385.9682113813312,5699.483889494908
ID478,B,2482.006192127046,431.25748630266514,4957.898636391876
ID728,A,2463.2090484838213,388.8631938975938,5461.026249637509
ID758,A,2149.3999188402713,405.11714661834856,4447.112887144234
ID854,C,2213.494804773683,405.35222128997435,-1811.7597244920516
ID399,B,2696.24095749095,415.96152687551034,5399.829293179292
ID542,C,2337.480033571897,382.82956815075244,-1943.7041038402317
ID830,B,2164.2277701421804,404.6442422101245,4329.913213262798
ID134,B,2922.6940107804653,398.79561336939236,5851.3332572294275
ID227,A,2986.702108170093,384.3892846878472,7051.812018120017
ID667,C,2612.4045928795244,372.0411001287266,-2214.5183250235964
ID248,A,2373.3839651392805,365.35259402755116,5292.527543600904
ID497,A,2843.229350300598,372.1846982137573,6646.5908884921955
ID369,A,2540.8980996066502,381.7169966141898,5717.641260035167
ID381,C,2818.640877915809,390.39295431844295,-2455.854534455242
ID131,B,2440.926262323992,421.2895446023153,4869.56519734883
ID624,B,2296.339807121849,385.91324620825924,4594.255418568299
ID564,B,2186.9001359138415,372.9652814309587,4368.492480454447
ID117,C,2243.285398655439,394.7196224993453,-1854.2439853584083
ID839,C,2317.22766118484,414.39480932515045,-1916.3107833294478
ID473,A,2652.8517901436885,391.89471517754276,6002.296746170459
ID607,B,2802.6776416566577,378.58172898329883,5602.792880588526
ID112,A,2384.276272218127,441.9811943561281,4938.084415669121
ID345,B,2732.328461364499,380.54678434649827,5459.803354215477
ID335,A,2405.1287183632476,366.1678973884627,5384.435266244672
ID780,A,2496.300993295742,390.53424884788853,5518.531014930064
ID515,B,2043.4606994963585,372.10272390302276,4115.315324427186
ID843,C,2378.084351676472,381.1065980843337,-1995.1860744661867
ID821,A,1903.9204184318805,393.202562855198,3759.8337936611106
ID855,B,2474.3981503580935,417.00578901187083,4946.424962493308
ID314,A,2881.357657437428,395.1083361138937,6657.881048856114
ID765,A,2717.27503867164,407.19039077382547,6101.080744715747
ID762,A,1914.3604122551858,396.8510957626145,3734.832045810991
ID163,A,2290.3949927671215,409.607850430841,4827.3561676230765
ID705,B,2486.6695281365455,377.0179610343975,4984.425746435314
ID582,A,1666.048833392244,392.5398250008002,3028.3975718747965
ID747,C,2961.2954872864975,419.3031527462639,-2556.40900456219
ID365,A,2594.214897463268,408.14354433180546,5756.901814232842
ID208,C,2686.198039020534,416.4791896341824,-2265.7225196523937
ID279,C,2622.1631664603706,370.97775539172426,-2247.119122255031
ID533,C,2536.835373994692,395.1078661959825,-2149.9628137996665
ID593,C,2338.7079742904443,401.519737871145,-1946.254356449542
ID586,A,1886.1023773257211,416.5254415130714,3568.5684441957424
ID692,C,2797.5608682302536,363.7619807653549,-2433.403800896727
ID447,C,2527.032617235474,391.35398005493136,-2126.445498075365
ID323,B,2636.8059962567004,381.1489110687327,5274.580126960204
ID609,B,2776.7839130286798,433.0089110063387,5562.06506799498
ID380,C,2814.078687150004,370.8673364992266,-2430.3779204192965
ID472,C,1899.479720039938,390.11197511480026,-1483.1787790261794
ID773,A,2259.371835282204,368.9512097265448,4922.663177004289
ID649,A,2507.128448658488,397.23294317210053,5531.013905786657
ID276,A,2233.3996049996545,397.82462240290533,4720.541378088231
ID343,C,2394.706317433518,422.44099703029883,-1967.0322700749837
ID269,B,2935.9558672828484,393.25042110447197,5874.745585689586
ID498,A,2411.9486788656613,409.0291121646636,5186.438216677039
ID246,C,2185.7504280019975,418.8275287726308,-1774.1624471503146
ID709,C,2599.5055639345205,405.7786977281792,-2175.01376319248
ID696,B,1703.2998495029665,422.0249133660027,3402.8700634384604
ID404,A,2296.204110389731,426.55884035538566,4769.575983529985
ID796,B,2222.215243153682,392.25392766818374,4439.839539611338
ID658,B,2218.5336817066236,390.10324183950087,4456.697270544696
ID334,B,2094.848690495024,406.20583045958153,4179.535725425538
ID776,A,2409.093332144431,422.81445994526734,5119.2776665478805
ID706,C,2429.5000038157564,382.80226612287146,-2050.0772874056274
ID350,B,2660.984862540814,372.30419359308786,5325.284074543106
ID142,C,2403.9266597567503,411.77472584550634,-1979.1765348996848
ID646,C,2348.0173486751873,405.6901713864702,-1943.4169991370711
ID410,B,2285.398039258856,401.855728466095,4577.545179993578
ID752,A,2425.122971645672,407.51330351263596,5229.43740083702
ID585,A,2193.443083630678,384.8714397330781,4653.459607021357
ID808,C,1972.7165021439696,384.5314128578783,-1594.816383095285
ID592,C,2433.4926272147895,384.63568278425737,-2075.3593162667075
ID844,B,2510.9883022917547,402.90753518692463,5019.17671399441
ID806,A,2828.6443977661024,410.6754744883574,6437.161330842429
ID191,A,2534.968563277335,400.813751526372,5595.683369520352
ID847,A,2511.023747959203,409.835197300539,5485.693848552953
ID256,B,2282.1239340099983,408.5463185842198,4568.505121004047
ID826,C,2646.1899735986544,393.44916986436675,-2278.6838577278972
ID101,C,2486.02521288082,422.76708632686854,-2062.9945381413254
ID652,C,2144.8197241375387,383.51280458737006,-1764.6683911249193
ID684,A,2580.803140725178,424.03644690451165,5611.163206335046
ID138,B,2305.005493437277,386.5263704706957,4613.182055857861
ID197,A,2443.218437596264,423.1634104436592,5246.314665694594
ID363,B,2934.9727871053606,397.899895836613,5857.731252203798
ID527,C,2651.898184552339,434.7131401436044,-2210.6097460976903
ID132,A,2323.6194729288018,385.3477871271274,5066.27599174651
ID173,C,2548.188072154628,402.2809939721746,-2127.0013251169953
ID313,C,2574.267930687341,407.19140087758035,-2184.5126042794973
ID644,A,2613.0556691382794,379.5374916205378,5918.905233433093
ID569,C,2613.041828284784,426.15892364007243,-2194.5889229952877
ID165,A,2383.2236643149386,385.3531853805514,5237.7003155241655
ID416,A,2430.008071503599,394.2947181238355,5325.476743103363
ID491,A,2560.8820857277447,369.4754314700017,5854.601486194309
ID743,B,2603.9186279370474,389.28400698873213,5215.679571405801
ID376,A,3052.003460015666,419.85476844230186,7053.624278285486
ID680,A,2665.4116736374103,412.69238304952967,5949.4683917465545
ID152,B,2201.194810192598,416.7582599264611,4407.452669423138
ID158,A,1753.1577040365164,406.7269956644111,3242.8471328488895
ID819,B,2343.388823151484,405.893757841922,4677.421214274223
ID196,C,2685.835734273552,381.7162129994265,-2296.550360178174
ID815,B,2569.5477354895033,406.6440563091851,5132.092251040398
ID550,A,2306.454906817159,391.03323592549924,4969.018757425879
ID358,C,2552.166349336404,356.35763587769895,-2204.0571765347604
ID195,A,3096.474381007513,393.74303081412376,7317.883632374905
ID661,C,2623.1973631712085,415.0300183695528,-2244.4094121071535
ID483,B,2781.6609314598522,409.5150023328428,5547.6554085666685
ID110,B,2697.491858475112,375.0570601559977,5381.183030304669
ID660,A,2244.607841193315,400.69429073247824,4753.425240630664
ID216,B,2397.0652172682308,358.307287621607,4795.505524973131
ID895,A,2459.3590912821032,425.67573904243346,5237.228889282553
ID798,C,2761.4396961279763,409.6625950740814,-2338.9058745539473
ID639,A,2377.5603620594748,387.9016919289315,5183.024828984118
ID877,C,1954.9565537654692,393.25955426725517,-1557.0259912335116
ID120,A,2464.9880380556815,412.67859880574116,5317.770361580714
ID885,C,2694.2457565479076,401.73223752497074,-2282.5608420547705
ID200,C,2742.6443841167925,374.47756279788183,-2356.6516365616635
ID194,B,2076.044893364705,407.2207065791234,4144.950649936815
ID704,B,2494.376577856898,387.4497430002486,4973.669883803599
ID253,A,2468.3134808655436,409.90851130916775,5366.080283544625
ID617,C,2026.635242842041,397.27776679075646,-1622.5963026566149
ID303,B,2513.778236001822,393.076117435949,5005.532317770678
ID767,B,2320.1380644598025,384.14180792817683,4631.418391838424
ID366,C,2475.585788556228,412.08324370545625,-2063.3749272677587
ID176,A,2309.9741977683634,385.0988434450791,5001.57545017414
ID127,A,3174.2233710302357,373.15702536787785,7666.844980542044
ID384,A,2419.9790776822488,381.6836340928103,5364.879769981274
ID252,C,2934.200621507416,384.89229488891704,-2549.0154715243016
ID453,B,1814.5760179923852,403.2069791669302,3640.5853232743752
ID406,A,2193.0408590305724,396.1175115381146,4598.268106949243
ID790,B,2602.51413886784,421.28024728412765,5198.622370060867
ID470,A,2540.0480568089633,406.1472141653072,5557.627262188175
ID302,C,2513.225316984158,414.60060444320237,-2090.94781501807
ID306,A,2712.0125196625017,418.73286848163747,6027.974706791364
ID395,C,2865.1072790360217,400.7620876716149,-2471.7559090330083
ID571,C,2348.0346451853093,396.2196553045181,-1971.4910144538035
ID326,A,2604.4527179138345,402.9167332103467,5807.397106805165
ID184,A,2824.9153940270435,398.29041629677516,6499.102669659345
ID324,B,2276.3173373265504,398.91460221577006,4543.574152754685
ID643,A,2615.3663997687872,406.0644970469401,5828.466978632747
ID750,B,2728.6742373569537,414.5209819237384,5441.545695695343
ID772,A,2782.777827937388,394.1067730763252,6372.1955271823645
ID570,A,2907.8615275343545,401.0039740311348,6717.0297143024345
ID824,C,2209.034919726531,407.30548361332313,-1790.359475965721
ID259,C,2898.722777323259,391.6759675801742,-2529.2933803286905
ID711,A,2738.5534358246555,389.87574587017343,6270.597300601535
ID630,B,2110.5488197365066,380.64713468018954,4204.331061872069
ID385,C,2366.2730183681333,368.9818976862123,-2001.9295780360408
ID583,A,2632.6750146680606,393.5423525322701,5932.961709820231
ID900,B,2352.280766214522,418.9503954347922,4720.489119993874
ID211,B,2420.513090434729,412.9134668754022,4868.557444583279
ID457,A,2055.8010283500907,406.3259289539274,4131.331902943779
ID351,A,2222.8876146896428,403.86518484878883,4650.638506864995
ID526,B,2265.167711222302,396.8324204552927,4536.697176666747
ID484,B,2598.770468322082,393.42603122161387,5218.32442858034
ID308,B,2316.4433646321395,412.8827939335873,4634.787773490115
ID580,A,2541.0796305502877,387.63093690394413,5679.38150533243
ID577,A,2545.0710274239896,428.6109489788774,5511.187049212411
ID818,C,2162.688383254614,386.59855081606327,-1768.9968442062536
ID371,B,2580.303894004047,398.47188777773425,5158.28546177451
ID490,C,2535.7108006556255,395.01127503398595,-2137.2721794984855
ID104,C,2251.068170068556,381.66231576194014,-1880.3800983718343
ID218,C,2445.4309722018,399.43288466509495,-2065.6384217867667
ID742,A,2363.4616800072804,376.8529480013692,5207.094697276109
ID331,A,2699.680124505514,400.9274992153329,6093.865584341115
ID298,C,2613.615482077129,430.70422662540227,-2192.106935293026
ID414,C,2284.6495284550138,405.8804081303333,-1866.9855305002561
ID816,C,2702.002787736337,398.45531501681074,-2302.8568049878727
ID620,B,2734.0874371354216,399.30855671906033,5478.717358614673
ID874,C,2188.3624859544116,404.5642189620061,-1803.810269487755
ID264,A,2506.492484269953,377.1813848636298,5655.730493502436
ID724,B,2888.846873430617,410.30827870234816,5772.53053372737
ID867,B,2011.4695928820015,383.02911470302587,4013.5476312405085
ID346,A,2391.793803465768,399.2470790682851,5184.908723116211
ID645,C,2561.569306890338,400.4266184809148,-2154.917992877466
ID712,B,3148.935721728373,389.0632540739981,6299.455188818222
ID687,B,2979.3014012958547,391.22503804775374,5951.051246741561
ID270,B,1967.8233041482083,393.0197365875218,3935.369685404471
ID775,B,2396.4685868750394,385.867958648848,4790.427264623847
ID729,B,3246.9665556629006,396.55922809226297,6484.465071871868
ID861,A,2499.485900095258,400.79313520859307,5498.230819412689
ID648,A,2622.2343567836574,420.2565442187477,5770.290092623144
ID288,A,2298.4302873810893,399.1686653486096,4886.38910224267
ID834,A,2435.616829204958,395.13219777529787,5318.3640878037495
ID807,A,2677.942247964482,435.6056973755574,5855.048917467197
ID736,C,2074.800785735719,425.2118062002628,-1647.8115815056797
ID690,A,2506.099135446091,369.57164695506117,5667.287360726628
ID678,B,2101.7192425071726,400.33251827420895,4188.059647298958
ID761,C,2124.9440217848864,397.2408569743496,-1726.0354259592968
ID622,A,2832.050087650153,406.17667000348774,6463.54771667323
ID503,A,2940.1109283728074,372.47900582589835,6963.576402164772
ID731,C,2586.1365763023355,423.6475250777538,-2140.4755183767174
ID370,C,2704.585686855226,432.21826147866415,-2253.13218496423
ID204,C,2838.743918502151,398.95948349116355,-2456.3612978012357
ID597,C,2731.638879846184,392.68892259263214,-2347.160076196152
ID770,C,2220.7698514453664,393.74315420573674,-1849.253103858918
ID228,C,2951.7080028194714,395.97186352029155,-2549.1270810557444
ID719,C,2491.2154235832236,416.3792011107632,-2078.604975962492
ID536,A,2644.6338850845987,421.91623995378353,5827.29388102908
ID865,A,2217.169909850667,405.43242046100386,4595.08342013625
ID437,C,2328.2290010562715,392.84083812641364,-1947.006382683327
ID884,C,2560.1775221197213,396.8816047260076,-2176.0494199358427
ID320,C,2749.9389818228524,394.83590629608005,-2350.0192374728595
ID448,A,2751.4109930581994,410.5062263528188,6215.092181667092
ID600,A,2041.044859550828,384.56059497469334,4188.580015507513
ID342,C,2691.4445139224686,404.2764557549799,-2298.6445505809356
ID891,C,2742.68579151552,400.9043915041701,-2343.6533336874786
ID160,C,2389.6798746042496,402.37413263040435,-1998.703311148691
ID130,C,2443.4099588107797,419.1733323063497,-2037.6006905883478
ID703,A,2961.9958143080244,399.12796060815447,6900.046896563302
ID212,B,2531.377755581664,399.67747532604824,5060.624423530265
ID338,B,2518.202245326362,388.1714136405955,5047.7957442372235
ID822,B,2016.6213362718447,419.4466506579554,4028.6657792855503
ID534,C,2515.386032932141,416.1887822924052,-2097.1211494409044
ID549,A,2323.064939234581,390.7773170556343,5013.59480420615
ID391,C,2488.276413682263,398.15081596435664,-2108.526653454056
ID665,C,2173.090958600918,398.3800850783247,-1771.570830108358
ID349,A,2445.886518644689,378.049248514326,5438.0706762455375
ID800,C,2846.727007629241,388.9314469948311,-2454.6906457533014
ID633,B,2164.7988498167983,389.10852481100153,4310.039767699257
ID651,B,2083.3747030698,429.82964026399105,4169.282145435118
ID182,A,2290.9006320685367,398.18742295210876,4887.231606535326
ID225,C,2786.358254167279,385.3838946664896,-2403.95675398443
ID753,C,2067.0363468427877,397.54798579435914,-1669.0156708183292
ID392,C,2158.504494090318,388.9419695549069,-1770.4492840318308
ID421,C,2551.6407083868485,380.16052109996923,-2172.307299518568
ID140,A,2856.0657064416987,410.07130210523263,6492.289327611109
ID361,A,2509.550897686612,419.1170045376671,5447.853471388155
ID156,A,2635.080516743555,403.1966735987259,5883.7331856049395
ID307,B,2536.324667716244,399.03489782032716,5062.479046390665
ID291,B,2306.11774820841,391.83307534256767,4614.6601240838945
ID635,B,2384.2140610961133,415.27273962894225,4759.104593844922
ID280,B,2423.0181274598795,425.8797416949593,4843.513259305545
ID618,B,2192.3796050079154,424.13115028163907,4402.493187211721
ID277,C,2032.9474283400496,404.83387802250445,-1633.5259107168167
ID890,A,2773.0102073945486,399.8909299667264,6339.3942220586105
ID693,B,2144.4358259997534,409.8944683087117,4313.168312245949
ID602,C,2565.1802209017033,400.522882572031,-2160.3939103413195
ID757,C,2199.7621029321526,393.6207894673389,-1789.5228465987793
ID598,B,2540.5732058973267,361.8813506667821,5071.793186304667
ID647,A,2195.231145355155,421.1332407253452,4462.0291850745525
ID744,C,3126.5818846484626,400.5185459595733,-2718.436806519973
ID232,A,2743.9526894660503,380.7343034496263,6314.844749037494
ID863,B,1982.5462950719286,398.0925601766767,3956.6940128492406
ID235,A,1979.6029723327365,373.87340913913977,4086.93450075838
ID689,C,2535.3502790632197,399.50707413434685,-2157.164845504182
ID842,C,2338.024487383047,409.9416077406865,-1911.2968225231805
ID352,B,3217.594933583777,389.7489220751448,6448.573188046817
ID664,C,2179.9360540315092,406.16443004649517,-1775.0768885206855
ID621,B,2826.7257929786037,383.07522295721697,5634.907039102144
ID574,C,3101.353566820154,427.01964634241097,-2667.4115633390097
ID723,B,2280.4020308616855,356.0949691220281,4556.370873254193
ID616,C,2339.305426096286,412.5880565349725,-1905.612411054427
ID531,A,2890.1818149173682,413.0583215151095,6600.118094393273
ID356,C,2614.349972721119,383.7046960916751,-2232.629064801924
ID213,B,2480.3174997101264,376.0275438112332,4968.876845959038
ID267,C,2348.3390828990796,399.31037463254586,-1954.2193440028932
ID636,C,3020.5797999035635,385.57164925236765,-2619.3139389596554
ID229,A,2269.2823233371937,423.18237830786285,4698.044629340881
ID619,A,2843.170840367874,387.81075116314037,6608.114641228869
ID695,C,2727.33138357061,373.8357849294401,-2347.8091146442357
ID889,B,2255.804871189849,393.2322650327556,4487.173416961278
ID474,B,2613.9845087062317,387.8353745944929,5206.523443963849
ID186,C,1956.9041918682929,385.4950682530205,-1571.6868171852884
ID543,C,2113.738506351977,407.24582597244336,-1706.394483735153
ID287,B,2248.927545220224,397.5423811412091,4484.01145342593
ID558,C,2997.7323930352095,388.9282702041095,-2605.2727788582943
ID858,A,1925.6443595972173,409.62733917210943,3735.1895993150865
ID845,A,2643.542855448475,414.9590568346467,5853.561085886674
ID317,A,2646.2664518090637,385.3851387065105,6022.746605687491
ID258,B,3060.04789285567,393.30716587606344,6149.754291360576
ID793,B,2731.321141947682,407.160011751573,5476.387667394243
ID157,C,1758.1270644188173,402.3698029984408,-1357.9923933950456
ID166,B,2471.695500410311,413.80498626560853,4933.560876419568
ID169,A,2633.9136740780837,433.51512878225725,5737.334905420532
ID388,A,2197.373480195015,391.9493936855339,4640.335945611006
ID296,A,2577.5287009522394,377.14589381453084,5828.284044560682
ID123,A,2330.162859107248,393.4502434541931,5002.426888324477
ID339,B,2553.676403986789,412.2964378382872,5103.126821101402
ID688,B,2355.147150645561,424.8659775885717,4693.52004062421
ID254,C,1781.2576441821775,376.0793558772454,-1395.5898119675628
ID143,B,2688.7983198895245,411.7741042145475,5378.287532079264
ID732,A,2554.96290744337,405.39615496177265,5643.248179682207
ID676,B,2589.2139628969903,417.3219244238619,5166.495580632136
ID209,C,2506.962092349027,414.78301374919766,-2099.3562606020278
ID440,C,2483.606425510926,356.2813383596869,-2153.142181624921
ID439,A,1913.427298960796,388.31659576957514,3783.1207555198584
ID463,B,1807.9917564676084,417.8443637743425,3629.3606978553257
ID185,C,2257.39076182761,400.7843721068063,-1866.623267649812
ID374,A,2965.8240550248074,409.6040400050955,6856.870956548771
ID487,B,2914.648403953125,385.7270223515471,5826.139517395958
ID518,C,2554.583570130648,374.0951586677075,-2175.010602358124
ID425,A,3077.669972207621,414.3255314339913,7176.272632223936
ID567,A,2817.5053998472963,402.2646480604233,6419.35808703819
ID362,B,2354.9536059063807,419.4677903633349,4718.259605003906
ID398,A,2687.9694202792757,432.8855139607032,5885.2009839848115
ID713,C,2916.1924063988895,414.64452220229595,-2498.0582176973153
ID864,C,2771.117767910305,393.7119266254108,-2378.0488805814834
ID738,C,2618.122399312672,391.8459132614465,-2242.5089642296416
ID451,B,2528.2251127694585,432.17978233561143,5065.621060227432
ID862,B,2477.041800166956,423.3328965539309,4949.043827910095
ID400,A,2262.579265545033,424.3271704470151,4658.167519752407
ID426,A,2205.0109470562256,400.4059142491255,4625.42681446265
ID596,C,2438.203763591102,410.4744946075501,-2013.4798029533495
ID833,A,2667.656242548835,353.98059131253194,6231.722913549361
ID449,B,2205.2941083777478,370.14233217789075,4409.215084249478
ID476,B,2274.351196311241,415.5054339185835,4558.60995903184
ID113,B,3050.36554873779,414.7819078388269,6095.92158157035
ID707,B,2425.9347747205697,408.9138210751362,4855.19655288767
ID760,C,2232.686172847084,389.620393968509,-1864.816993261907
ID606,C,2543.645257383715,395.6782168977611,-2153.3975237240697
ID124,C,2134.1889640569134,398.5977077895228,-1735.0033067942
ID480,C,2025.9229345974934,409.2658287791923,-1638.2284646353178
ID367,A,2761.3577462992935,405.0767781323334,6254.898158898401
ID655,A,2233.9374905041027,438.33488370559974,4507.040845188547
ID653,B,1913.9217286957773,378.1997878300149,3785.78531387988
ID556,B,2337.408594906263,395.02341846300504,4688.061501648451
ID125,A,2275.6064566474765,391.32167842892164,4857.033151025426
ID791,B,2162.843311936437,386.85222010265153,4331.618295040406
ID220,A,2640.6997909835327,386.283055484828,6000.96470273288
ID801,C,2805.6403824846384,388.09243668281346,-2416.491000723767
ID656,B,2512.905792738013,381.67346367589965,5030.969648331401
ID493,A,2523.314303182214,373.0675689218482,5710.276219363912
ID837,B,2192.376090799037,389.9039694071335,4379.00843783997
ID513,A,1980.5667487709243,425.97722518328004,3817.9347955310886
ID751,A,2334.6532921288376,397.5538931701381,5036.878805697616
ID321,A,2757.601969867198,395.0653876944856,6306.040896346866
ID727,C,2084.7856480276705,396.81122055523775,-1659.405593720018
ID832,B,2197.075657557669,389.4776624568238,4416.744671308488
ID657,B,2432.719808551285,378.31152741184775,4869.22978031709
ID670,A,2493.56163809985,387.4345692095078,5545.34382032194
ID319,C,2874.372701816482,384.3140768306211,-2500.725447220515
ID572,B,2055.6598881079162,434.6295486607453,4118.616781067468
ID615,A,2288.052643165712,409.5779120023221,4809.565030972331
ID481,A,1895.6843367113286,394.43396330066656,3714.674035170215
ID283,B,2243.4874406575605,398.90626681059985,4503.363536555652
ID835,C,2698.5975529504003,405.0082623692448,-2292.3276569419804
ID435,A,2321.4538604686086,382.63853273738806,5055.262957852838
ID860,C,2158.1714028432452,383.9817394210595,-1763.314374981294
ID802,A,2419.4393440207364,406.3636232570748,5224.0536619520935
ID853,C,2431.7336153236747,369.116004644816,-2054.205481434747
ID402,B,2743.26385258042,398.03779411281874,5501.2435871525595
ID794,C,2431.618184791186,393.58240906097757,-2035.967202749332
ID417,C,2028.9679398533879,398.30047601261737,-1654.2094901003566
ID525,B,2508.697815406575,400.0552933300933,5002.259405803561
ID872,C,2556.478924961007,390.0810520543869,-2173.3590237178073
ID328,B,2666.596337615533,377.1082706249915,5349.394225759114
ID224,B,2686.836293038981,394.91831575452017,5386.291801215466
ID810,B,2433.1678222829255,413.9003039571417,4866.021060809453
ID552,C,2900.543690781867,394.9023194782121,-2499.606049001634
ID562,B,2045.897969563122,356.7830049418697,4092.4768135917097
ID528,C,2700.1282201389868,407.12964541238387,-2264.3687365797964
ID427,A,2415.725997958495,417.54647848685494,5152.808181631993
ID613,B,2448.872018579267,412.3911522688143,4905.242264709882
ID708,B,2700.708830339403,390.43319893655655,5409.726675838216
ID154,B,2002.141588054698,413.4525070364175,3996.1818595242353
ID424,A,2314.335402757082,395.09920984168565,4961.777418316725
ID846,A,2720.256101368748,404.28819438663754,6149.326671371855
ID167,B,2391.159591219574,395.99743961053525,4776.096347227608
ID788,A,2882.629874557689,355.87309360470607,6864.165524315099
ID505,B,2288.321574750402,418.95643049710384,4604.937182753568
ID174,C,1789.0974214962484,396.5116208963525,-1389.944710854408
ID771,C,2700.971609602335,398.5741847044749,-2297.4265439129786
ID355,B,2401.9332593402437,414.34436062036207,4804.261535340547
ID857,C,2493.829183752052,398.9594355027341,-2089.433207291814
ID787,C,2725.4188568185004,399.0897067013532,-2314.568791473007
ID105,B,2569.57957611859,398.9435311102738,5130.113449342967
ID529,A,2413.3824339750036,406.72779159045945,5222.6379427817665
ID496,C,2351.7287600234517,398.7356805283381,-1958.3530617945496
ID774,B,2781.2280725984265,391.1481719811724,5567.532176399313
ID316,C,2410.892479657253,393.60892451735873,-2030.884742144039
ID725,A,2639.4078868502984,411.17622895541666,5868.904494050256
ID359,B,1882.7134430669068,390.15687475653306,3778.5477345783484
ID520,B,2241.7066775145904,407.81455921891956,4505.599867467221
ID666,A,2124.09624469324,389.8091119696869,4409.522377349882
ID681,B,2559.425839590758,403.14322333103553,5117.012108929787
ID829,A,2453.9218751660605,409.71004368437394,5325.648060992068
ID332,A,2633.4949524177437,389.9517563421043,5953.779788422645
ID177,C,2782.6404466202857,409.28277236256287,-2373.7568907413624
ID275,B,2424.392484454626,420.16424127454866,4840.74422699511
ID415,C,1921.6267405412998,408.6075254321932,-1501.9425777195256
ID217,B,2212.043148196315,425.6475961507848,4406.880544262505
ID149,A,2469.028836647116,388.508350505732,5452.473006343929
ID638,B,2565.689855195136,393.68056469153066,5142.058948307839
ID443,A,3032.9065544117593,381.9446390310009,7181.697224717635
ID701,A,2142.640761420381,381.77156193508955,4488.320482336279
ID411,C,2435.6886120933304,416.55714846940873,-1987.0970228492442
ID873,C,2306.7815857733926,397.9796676369837,-1909.7778842574585
ID310,C,2465.579225961784,397.0898799293559,-2061.038128980422
ID348,C,2720.546775601832,398.5832608711966,-2335.7219832914184
ID590,C,2565.901976466621,425.07579323177265,-2127.9789597355257
ID236,A,2317.1520001374283,373.3076268561242,5079.079192542889
ID563,A,1816.7319150824148,412.31489731423676,3397.5064322900457
ID795,B,2544.566998482288,412.3083686320716,5071.646149732388
ID312,B,2445.648969604732,404.6580127545454,4894.946792541853
ID412,B,2437.3247620408906,387.5869763661981,4871.3339791985145
ID516,A,2830.0262333479604,394.8782177200637,6522.3167732981765
ID792,B,2113.2709232348543,394.5231499107117,4244.85892990522
ID198,A,2652.246240205559,393.86012168708237,5971.012413530426
ID897,C,2607.052760020355,420.3442507695872,-2172.953706370748
ID882,A,2561.3279354427723,395.0725382225345,5697.154385753816
ID231,A,2301.4114392822253,386.0803530711092,4961.318135501542
ID733,C,2274.2751586984746,409.9702346466574,-1848.626475073462
ID781,B,2505.9681117392433,398.94869309092877,5020.012423533918
ID311,B,2363.055675165023,396.2904301970035,4719.391082168162
ID530,B,2388.8648988252935,403.5422371946147,4781.565319335925
ID694,C,2296.0604977182065,417.2466152690445,-1863.8057478068708
ID809,B,2199.7892729198575,401.42935478181187,4412.229573921066
ID517,A,1838.46155986412,366.03483009701944,3700.819896696855
ID433,C,2027.4729032174869,390.55380357241677,-1638.0573323272092
ID608,B,2571.659175305125,416.8053446289102,5128.747634507541
ID409,C,2903.438908183889,386.0939165242805,-2524.9346783280107
ID289,A,2624.0861372643835,379.1827193576575,5971.508659358794
ID482,C,2650.882113459076,389.423046476534,-2285.324040259943
ID299,C,2674.834089318465,422.8805116754589,-2255.2220190207127
ID840,B,2622.735777645957,390.9253706205935,5258.073741569614
ID892,C,2582.5692813555374,402.3627993345859,-2185.3941854368836
ID504,C,2187.776618122395,383.0262029561864,-1798.8493874570374
ID714,B,2401.6414131515885,391.02527134672897,4804.418037109199
ID442,A,2167.210741404624,404.72230671171764,4463.411746125784
ID659,B,2476.3656466388975,391.3060770466237,4933.975632320653
ID512,A,2516.567647931494,403.19934092967077,5551.62188245896
ID502,A,2287.3082741969383,390.37909387483757,4924.265204733726
ID866,C,2456.765482041956,377.5222436178053,-2081.150246844497
ID479,A,2638.888649249534,407.19532225598164,5880.83657496926
ID469,A,2638.965923534721,403.9111337627978,5906.693044680366
ID510,C,2310.326342995139,425.1328071588686,-1881.0264514940054
ID422,A,2411.502586477801,395.7051187647633,5240.08356251332
ID828,A,3103.346724944799,431.71846947623317,7145.88009628256
ID769,A,2567.5026508471537,393.36851489665963,5751.286349296177
ID137,B,2428.01333451371,412.50926162399486,4856.890757076294
ID353,B,2639.5936729202763,398.04241627959016,5272.7484459737025
ID831,B,2988.9263557857535,375.8017641919693,5993.705239863211
ID691,B,2182.5560011920206,370.63909583062406,4354.708066884757
ID509,C,2629.102682929798,407.092711763639,-2226.4736416115206
ID838,A,3062.605215283806,394.5009097965506,7205.515395701502
ID587,C,2967.4476800534885,394.00874566489165,-2561.3365153535274
ID286,C,2604.4409749193337,381.4965744609361,-2231.339817441843
ID720,C,2687.8421726177103,386.9699716754512,-2294.7438533622367
ID500,C,2452.077287074503,412.7601931477487,-2028.0972835973466
ID782,A,2898.7141616349963,385.07617770715706,6780.007708454691
ID271,C,2784.993640764252,387.2944148801152,-2392.0908817826626
ID434,A,2489.322501628255,388.5012804892202,5514.829766501412
ID144,A,1795.4200852048484,382.42372847961525,3459.446216873089
ID103,A,2936.069947356558,382.89546483535344,6903.41501205589
ID375,C,2742.009397566579,396.3325421255786,-2355.8643854819297
ID899,A,2685.9561738561124,442.03245951008614,5860.566771743177
ID551,A,1852.3761062136405,400.35690847304403,3551.857382253373
ID677,A,2297.6874314599772,375.43554828320015,5023.94402217279
ID642,A,2212.7635314409895,424.86583254314314,4519.959805707629
ID766,B,2670.214312533217,382.9908619259597,5309.90564051536
ID193,C,2560.2399078317885,413.9439485720845,-2135.4931333371705
ID389,B,2489.6181593695023,413.67416217108956,4974.846136559801
ID734,A,2181.426846219994,376.20545963701863,4666.556076045197
ID730,C,2608.0051001665324,404.4681027924126,-2218.877276301794
ID408,C,2744.4131647931654,379.1495981144845,-2376.8728667232217
ID595,C,2994.192087822689,397.3467147663482,-2605.944843209626
ID893,A,2480.954733300492,401.3630588027596,5434.121346158414
ID628,B,2939.196914981878,419.6771786289973,5875.200998180671
ID147,B,2458.359055274378,436.3858744330702,4918.938137767147
ID494,B,2045.4947298944446,392.1849107992432,4081.578280838752
ID756,C,2112.95052353482,383.08855772641425,-1752.1040974748216
ID240,B,2379.388632246302,419.71920550559656,4762.5292624775575
ID850,B,2706.7543478293933,408.2248991046698,5424.945945686508
ID876,C,2488.583747087593,384.03537099511806,-2094.8752484931138
ID118,C,2503.6196469380398,428.9689359320648,-2082.8797896208657
ID327,A,2705.6181818946616,401.52547432324343,6126.353008411781
ID779,B,2566.120428777938,434.388954196722,5143.90404804178
ID305,A,2713.057815324694,380.07107557518,6249.932617737545
ID673,C,2783.477866807682,407.9327193972851,-2375.8478283496565
ID462,B,2845.7204493407166,396.8061688452477,5679.811858094755
ID133,C,2306.6486377646847,425.0067146608947,-1877.1861951462151
ID245,B,2437.775958930754,398.18362526748854,4904.590349290124
ID418,C,2564.9095553703355,389.45819829814855,-2151.2344549006352
ID155,C,2725.8098714973266,405.16196068105893,-2315.6062298183924
ID669,B,3038.570076184725,404.96255554949903,6078.166370281854
ID183,A,2327.561303349249,377.8127643152493,5071.216939961805
ID390,A,2845.1428816165026,390.99369613673764,6591.572529749625
ID561,C,2611.5035380285294,402.29166318395573,-2205.3059921437307
ID627,C,2528.3492174336975,426.56398579136004,-2101.319243616523
ID347,C,2462.7165483667095,405.09347097602773,-2041.1155881357586
ID430,B,1869.523928799069,404.1117456756982,3722.132284422743
ID153,A,2189.464930308583,389.4890149806938,4643.774418182807
ID136,C,2730.3988603239422,407.95505632635854,-2328.5136370556706
ID460,B,2986.5763319082525,386.2513162343374,5993.869746126724
ID522,A,2891.226597170812,410.6802381214129,6638.956624704248
ID329,B,2292.4825577143565,375.3842522648203,4564.770840152419
ID545,B,2885.26542092204,391.83802346983737,5766.578375295309
ID407,B,1990.647683082315,407.31805660911397,3970.9194074872257
ID745,A,2378.5447325048244,397.91773499257437,5128.771756613528
ID146,B,1904.0682372431752,418.57741663163955,3809.2904578817715
ID588,A,2184.538449651578,398.5403640047442,4570.650734269664
ID523,C,3022.213640279023,380.65016192849544,-2649.2095977429904
ID444,B,2058.4371344343476,419.55198471562994,4129.245801906395
ID820,A,2937.6204224340054,391.12269921878857,6841.017754627882
ID632,B,2823.6648168902116,383.3788398147243,5654.589623746622
ID540,C,2822.366897057009,401.0626453062924,-2409.489226289875
ID804,A,2865.8818759991127,379.51805854760914,6684.624808251177
ID420,C,2900.5782116571418,428.12792576741697,-2465.1190079903267
ID456,A,2482.291891273156,401.53538640119916,5456.772950656502
ID263,B,2536.8343488804567,413.602342814294,5082.077722610102
ID499,C,2186.4047513330206,376.74181396816425,-1805.9757142505828
ID722,B,2576.3809178563856,424.716272800937,5141.475582364343
ID739,B,2273.8030162242835,418.8308313787367,4568.792456739422
ID718,B,2521.125117755864,390.9206421220837,5042.74126301679
ID436,C,2854.514192405129,392.6107676546916,-2462.0028950166125
ID685,C,2481.5903554252313,405.7907976858933,-2097.6518994062144
ID468,C,2451.389736150312,380.5423011521597,-2060.2622730796907
ID871,A,2994.8588693388147,410.7643126874157,6926.451240413752
ID856,A,2473.943532889607,377.0833641964827,5542.902643392526
ID852,B,2625.6875088747533,397.544091699615,5270.790641524968
ID475,C,2499.018861998004,398.76639707304594,-2072.7010942556153
ID546,B,2699.206077052157,401.1335097916397,5406.496103647794
ID322,A,2247.489358249232,400.4855693595806,4739.014315637589
ID825,B,1779.5539202286463,421.57962503169176,3553.6346795741183
ID870,B,2801.9889891380726,422.3115983963353,5597.761845993661
ID393,C,2825.4512879205913,392.91174584656073,-2427.7639245268456
ID851,C,2657.3849606897647,426.3759767001012,-2233.3794313229005
ID188,B,2453.9789045166326,417.1903268968658,4907.9000395336425
ID629,C,3269.186341455964,373.61144483781476,-2899.0939574838917
ID668,B,2609.2320636325076,398.2234772692369,5208.457844546155
ID207,B,2645.054337586656,415.9188345670573,5290.3423241307155
ID237,A,3060.280236671144,412.3317265207288,7122.116026234221
ID122,B,2451.0579452424286,411.53069117785253,4920.053215375707
ID763,A,2578.3457754886313,404.6759573803475,5703.241489893438
ID836,C,2660.331545802937,398.424893876042,-2259.487381315337
ID419,B,2207.702132582282,403.0083440238148,4418.281361912074
ID539,B,2777.794114590113,404.3655879995839,5570.784216221837
ID230,A,2433.8766592332313,416.79245134199954,5229.855728963131
ID242,A,2396.657518082983,399.74976257798266,5201.475492307141
ID114,C,2302.8078433652645,391.96067084660837,-1932.291666541986
ID492,A,2694.187457113334,430.0564191575406,5910.954830109811
ID251,A,1927.921415031023,403.04189351890045,3763.767404212228
ID603,B,2251.2040084836794,385.0365686621692,4515.890824118093
ID170,A,2287.9154099378484,405.71018421453215,4822.520217758308
ID614,A,2192.566537242397,413.891991431672,4495.957442211874
ID584,C,2140.5231435391097,406.3525211983212,-1743.7123533985978
ID495,B,2646.269388009973,439.09976311938993,5282.852355848757
ID625,A,2987.075894430265,399.5324333893253,6953.820778269082
ID488,C,2630.912618135091,385.44940539461237,-2249.6935154914777
ID823,C,2280.1835873751243,394.4290355742772,-1893.997317263162
ID610,B,2695.6529166951577,398.53006885850914,5407.393627587425
ID126,B,2752.034468093638,398.0119535112422,5507.202849093543
ID641,C,2918.10405025382,396.2333057726557,-2538.513962277387
ID565,B,2746.040403286562,406.79392312152675,5499.573183934232
ID637,B,2758.568617642032,395.95201392486683,5520.934589806091
ID764,B,3226.6486368351707,398.7566762047516,6442.8750055291
ID341,C,2640.742362322358,390.62036170808847,-2235.6533970925925
ID116,C,2186.451927145077,391.54270035133254,-1796.389636957322
ID281,A,2445.6068260633688,394.3517506075159,5382.400739260943
ID325,C,2630.685070918463,408.52109893169535,-2239.732164485628
ID304,C,2316.3871500609825,404.2707259759195,-1903.8494400794953
ID554,C,2772.158940535384,417.03922145563075,-2337.050488725171
ID354,B,2461.5169612168124,389.4982024110372,4918.752259918949
ID257,B,2920.5769810924157,381.72407564035564,5832.574273694293
ID162,A,2973.4881228569247,401.3379861801948,6916.839767666233
ID446,A,2437.0629956146254,397.74119531135295,5317.442520911764
ID888,C,2295.3982866575425,395.71018673443024,-1907.6505972834689
ID223,A,2883.5505991117097,399.9500888570811,6653.21282716806
ID268,C,1923.1767334651654,413.39609564370863,-1500.5867445019717
ID413,A,2748.2523250714744,408.60343033965313,6186.016780942773
ID243,C,2829.6732524329404,388.48559498443205,-2453.170893983188
ID547,C,2706.6997375358173,400.78398790116483,-2306.4498972709443
ID786,A,1765.3110686768894,410.9791342224648,3228.3707539289853
ID432,C,1813.586783787363,404.0593288160082,-1431.019588573369
ID521,B,2664.633399155697,392.3953047955163,5332.274929572023
ID553,B,2396.9607710230102,437.06020442058593,4782.726275734957
ID278,C,2115.139978494296,420.6693246515806,-1690.8504943947048
ID717,B,2187.420352394186,388.4043761637082,4375.970995933997
ID244,A,2511.781958015877,424.6690236359618,5402.535137662553
ID805,A,2715.4321060115585,384.31889288215865,6238.753879723029
ID226,B,2214.269554371161,397.03651911149564,4423.827518077117
ID330,A,2423.234124895891,407.5783733105631,5244.564975269229
ID239,C,2173.966592803386,397.92805486086513,-1788.6205905767083
ID576,C,2303.5143642498106,413.73345337627654,-1868.8954740501695
ID803,B,2203.9213898238236,408.39159276450647,4419.262264240435
ID450,C,2327.904214901572,420.8378037341809,-1906.0128000438478
ID109,A,2651.3580805842753,398.5238406651874,5966.998200400615
ID814,B,1979.8919443295522,388.0608113939261,3956.2947617040895
ID887,B,2428.6765658946647,386.353198497006,4874.637997777882
ID640,C,2843.746359654756,396.5446138781071,-2445.6613368109784
ID115,A,2974.167683061187,392.25014119862146,6977.617782975656
ID741,C,2423.2179846847434,401.58424134943647,-2017.0793210956476
ID290,B,2639.489787901448,388.0870094486227,5273.003720566147
ID441,A,2516.810173031025,422.08944960520233,5455.18899461739
ID295,C,2437.07811917503,397.2281082411937,-2015.870455635333
ID508,B,2020.8344546807907,397.6846765077403,4039.0824089312414
